Symbol,DATE,CLOSE
Aluminium,12-Jul-19,142.85
Aluminium,15-Jul-19,142.6
Aluminium,16-Jul-19,143.15
Aluminium,17-Jul-19,142.85
Aluminium,18-Jul-19,143.55
Aluminium,19-Jul-19,144.9
Aluminium,22-Jul-19,144.55
Aluminium,23-Jul-19,143.55
Aluminium,24-Jul-19,143.85
Aluminium,25-Jul-19,143.65
Aluminium,26-Jul-19,142.7
Aluminium,29-Jul-19,141.6
Aluminium,30-Jul-19,142.65
Aluminium,31-Jul-19,141.7
Aluminium,01-Aug-19,141.25
Aluminium,02-Aug-19,141.6
Aluminium,05-Aug-19,141.75
Aluminium,06-Aug-19,141.4
Aluminium,07-Aug-19,141.9
Aluminium,08-Aug-19,142.4
Aluminium,09-Aug-19,142.5
Aluminium,13-Aug-19,142.2
Aluminium,14-Aug-19,142.4
Aluminium,16-Aug-19,142.4
Aluminium,19-Aug-19,143.9
Aluminium,20-Aug-19,143.85
Aluminium,21-Aug-19,144.15
Aluminium,22-Aug-19,143.7
Aluminium,23-Aug-19,144.75
Aluminium,26-Aug-19,143
Aluminium,27-Aug-19,143.5
Aluminium,28-Aug-19,143.7
Aluminium,29-Aug-19,143.15
Aluminium,30-Aug-19,142.9
Aluminium,03-Sep-19,142.3
Aluminium,04-Sep-19,143.25
Aluminium,05-Sep-19,144.65
Aluminium,06-Sep-19,143.55
Aluminium,09-Sep-19,144.2
Aluminium,11-Sep-19,145.95
Aluminium,12-Sep-19,145.3
Aluminium,13-Sep-19,144.55
Aluminium,16-Sep-19,144.35
Aluminium,17-Sep-19,144
Aluminium,18-Sep-19,143.75
Aluminium,19-Sep-19,142.05
Aluminium,20-Sep-19,143.25
Aluminium,23-Sep-19,143.05
Aluminium,24-Sep-19,142.05
Aluminium,25-Sep-19,142.2
Aluminium,26-Sep-19,141.35
Aluminium,27-Sep-19,140.5
Aluminium,30-Sep-19,138.4
Aluminium,01-Oct-19,139.6
Aluminium,03-Oct-19,138.35
Aluminium,04-Oct-19,138.65
Aluminium,07-Oct-19,139.5
Aluminium,09-Oct-19,138.75
Aluminium,10-Oct-19,139.85
Aluminium,11-Oct-19,141.4
Aluminium,14-Oct-19,140.75
Aluminium,15-Oct-19,137.55
Aluminium,16-Oct-19,137
Aluminium,17-Oct-19,138.15
Aluminium,18-Oct-19,139.15
Aluminium,22-Oct-19,138.05
Aluminium,23-Oct-19,137.4
Aluminium,24-Oct-19,138.95
Aluminium,25-Oct-19,139.75
Aluminium,27-Oct-19,139.75
Aluminium,29-Oct-19,139.75
Aluminium,30-Oct-19,138.5
Aluminium,31-Oct-19,139.35
Aluminium,01-Nov-19,140.3
Aluminium,04-Nov-19,142.7
Aluminium,05-Nov-19,141.3
Aluminium,06-Nov-19,143.45
Aluminium,07-Nov-19,143.05
Aluminium,08-Nov-19,143.25
Aluminium,11-Nov-19,144.45
Aluminium,13-Nov-19,143.85
Aluminium,14-Nov-19,140.9
Aluminium,15-Nov-19,138.25
Aluminium,18-Nov-19,140.3
Aluminium,19-Nov-19,139.75
Aluminium,20-Nov-19,134.9
Aluminium,21-Nov-19,137.8
Aluminium,22-Nov-19,136.5
Aluminium,25-Nov-19,138.25
Aluminium,26-Nov-19,138.6
Aluminium,27-Nov-19,137.8
Aluminium,28-Nov-19,135.65
Aluminium,29-Nov-19,137.2
Aluminium,02-Dec-19,140.15
Aluminium,03-Dec-19,143.6
Aluminium,04-Dec-19,140.8
Aluminium,05-Dec-19,138.65
Aluminium,06-Dec-19,141.45
Aluminium,09-Dec-19,138.35
Aluminium,10-Dec-19,138.45
Aluminium,11-Dec-19,137.75
Aluminium,12-Dec-19,139.25
Aluminium,13-Dec-19,138.15
Aluminium,16-Dec-19,139.25
Aluminium,17-Dec-19,137.15
Aluminium,18-Dec-19,139.5
Aluminium,19-Dec-19,138.95
Aluminium,20-Dec-19,140
Aluminium,23-Dec-19,139.95
Aluminium,24-Dec-19,138.3
Aluminium,26-Dec-19,139.75
Aluminium,27-Dec-19,141.9
Aluminium,30-Dec-19,141.3
Aluminium,31-Dec-19,140.5
Aluminium,01-Jan-20,140.5
Aluminium,02-Jan-20,143.35
Aluminium,03-Jan-20,141.9
Aluminium,06-Jan-20,143.7
Aluminium,07-Jan-20,145.2
Aluminium,08-Jan-20,144.55
Aluminium,09-Jan-20,143.85
Aluminium,10-Jan-20,144.7
Aluminium,13-Jan-20,144.4
Aluminium,14-Jan-20,143
Aluminium,15-Jan-20,143.7
Aluminium,16-Jan-20,142.85
Aluminium,17-Jan-20,144.9
Aluminium,20-Jan-20,146.35
Aluminium,21-Jan-20,145.05
Aluminium,22-Jan-20,147.25
Aluminium,23-Jan-20,147.9
Aluminium,24-Jan-20,145.3
Aluminium,27-Jan-20,145.05
Aluminium,28-Jan-20,143.35
Aluminium,29-Jan-20,143.95
Aluminium,30-Jan-20,143.05
Aluminium,31-Jan-20,142.1
Aluminium,01-Feb-20,142.1
Aluminium,03-Feb-20,142.2
Aluminium,04-Feb-20,140.35
Aluminium,05-Feb-20,139.1
Aluminium,06-Feb-20,138.35
Aluminium,07-Feb-20,138.5
Aluminium,10-Feb-20,138.65
Aluminium,11-Feb-20,138.8
Aluminium,12-Feb-20,139.65
Aluminium,13-Feb-20,140.15
Aluminium,14-Feb-20,140
Aluminium,17-Feb-20,139.7
Aluminium,18-Feb-20,139.5
Aluminium,19-Feb-20,139.1
Aluminium,20-Feb-20,139.45
Aluminium,24-Feb-20,138.75
Aluminium,25-Feb-20,138.9
Aluminium,26-Feb-20,139.3
Aluminium,27-Feb-20,139.9
Aluminium,28-Feb-20,138.3
Aluminium,02-Mar-20,139.1
Aluminium,03-Mar-20,140.35
Aluminium,04-Mar-20,140.75
Aluminium,05-Mar-20,144.7
Aluminium,06-Mar-20,143.95
Aluminium,09-Mar-20,143.5
Copper,12-Jul-19,440.5
Copper,15-Jul-19,442.5
Copper,16-Jul-19,441.4
Copper,17-Jul-19,441.5
Copper,18-Jul-19,442.5
Copper,19-Jul-19,449.2
Copper,22-Jul-19,449.3
Copper,23-Jul-19,446.5
Copper,24-Jul-19,443.6
Copper,25-Jul-19,442.85
Copper,26-Jul-19,440.2
Copper,29-Jul-19,440
Copper,30-Jul-19,444.1
Copper,31-Jul-19,442.2
Copper,01-Aug-19,439.3
Copper,02-Aug-19,433.5
Copper,05-Aug-19,435
Copper,06-Aug-19,432
Copper,07-Aug-19,435
Copper,08-Aug-19,436.9
Copper,09-Aug-19,438.5
Copper,13-Aug-19,438.5
Copper,14-Aug-19,439.9
Copper,16-Aug-19,438.6
Copper,19-Aug-19,442.25
Copper,20-Aug-19,440.1
Copper,21-Aug-19,440.8
Copper,22-Aug-19,434
Copper,23-Aug-19,438
Copper,26-Aug-19,434.6
Copper,27-Aug-19,435
Copper,28-Aug-19,440.75
Copper,29-Aug-19,441.4
Copper,30-Aug-19,440.05
Copper,03-Sep-19,430.2
Copper,04-Sep-19,439.1
Copper,05-Sep-19,447.4
Copper,06-Sep-19,447
Copper,09-Sep-19,444.35
Copper,11-Sep-19,448.5
Copper,12-Sep-19,449.1
Copper,13-Sep-19,448.5
Copper,16-Sep-19,451.2
Copper,17-Sep-19,449.5
Copper,18-Sep-19,445.6
Copper,19-Sep-19,442.7
Copper,20-Sep-19,446.3
Copper,23-Sep-19,439.6
Copper,24-Sep-19,441.85
Copper,25-Sep-19,440.2
Copper,26-Sep-19,439.3
Copper,27-Sep-19,438.7
Copper,30-Sep-19,440.6
Copper,01-Oct-19,436
Copper,03-Oct-19,434.1
Copper,04-Oct-19,434.5
Copper,07-Oct-19,436.75
Copper,09-Oct-19,439.1
Copper,10-Oct-19,441.5
Copper,11-Oct-19,442.5
Copper,14-Oct-19,439
Copper,15-Oct-19,440.5
Copper,16-Oct-19,438.65
Copper,17-Oct-19,440
Copper,18-Oct-19,439
Copper,22-Oct-19,441.85
Copper,23-Oct-19,440.15
Copper,24-Oct-19,442
Copper,25-Oct-19,442.65
Copper,27-Oct-19,442.65
Copper,29-Oct-19,442.65
Copper,30-Oct-19,449.65
Copper,31-Oct-19,446.4
Copper,01-Nov-19,440.5
Copper,04-Nov-19,449
Copper,05-Nov-19,443.5
Copper,06-Nov-19,445.35
Copper,07-Nov-19,448.5
Copper,08-Nov-19,456.5
Copper,11-Nov-19,446.5
Copper,13-Nov-19,445.6
Copper,14-Nov-19,447.4
Copper,15-Nov-19,445
Copper,18-Nov-19,445.5
Copper,19-Nov-19,443
Copper,20-Nov-19,447.6
Copper,21-Nov-19,445.5
Copper,22-Nov-19,443
Copper,25-Nov-19,448.2
Copper,26-Nov-19,450.5
Copper,27-Nov-19,449.35
Copper,28-Nov-19,444.5
Copper,29-Nov-19,449.7
Copper,02-Dec-19,450.1
Copper,03-Dec-19,446
Copper,04-Dec-19,445
Copper,05-Dec-19,444.5
Copper,06-Dec-19,449.5
Copper,09-Dec-19,449.7
Copper,10-Dec-19,454.5
Copper,11-Dec-19,451.15
Copper,12-Dec-19,451.65
Copper,13-Dec-19,452.05
Copper,16-Dec-19,453.65
Copper,17-Dec-19,453.25
Copper,18-Dec-19,454.1
Copper,19-Dec-19,459.7
Copper,20-Dec-19,455
Copper,23-Dec-19,452.5
Copper,24-Dec-19,455.9
Copper,26-Dec-19,454.5
Copper,27-Dec-19,454.5
Copper,30-Dec-19,451.9
Copper,31-Dec-19,453.5
Copper,01-Jan-20,453.5
Copper,02-Jan-20,460.8
Copper,03-Jan-20,451.5
Copper,06-Jan-20,457.3
Copper,07-Jan-20,454.35
Copper,08-Jan-20,455.7
Copper,09-Jan-20,457
Copper,10-Jan-20,458
Copper,13-Jan-20,458.8
Copper,14-Jan-20,458.7
Copper,15-Jan-20,457.7
Copper,16-Jan-20,465.35
Copper,17-Jan-20,457.2
Copper,20-Jan-20,459.7
Copper,21-Jan-20,454.4
Copper,22-Jan-20,455.65
Copper,23-Jan-20,446.5
Copper,24-Jan-20,445.65
Copper,27-Jan-20,435.6
Copper,28-Jan-20,430.3
Copper,29-Jan-20,430.35
Copper,30-Jan-20,425.7
Copper,31-Jan-20,423.4
Copper,01-Feb-20,423.4
Copper,03-Feb-20,427
Copper,04-Feb-20,429.5
Copper,05-Feb-20,435.5
Copper,06-Feb-20,437.1
Copper,07-Feb-20,432.15
Copper,10-Feb-20,433.5
Copper,11-Feb-20,433.2
Copper,12-Feb-20,435.9
Copper,13-Feb-20,435.4
Copper,14-Feb-20,437.2
Copper,17-Feb-20,440.7
Copper,18-Feb-20,440.4
Copper,19-Feb-20,437.8
Copper,20-Feb-20,436.5
Copper,24-Feb-20,431.7
Copper,25-Feb-20,430.8
Copper,26-Feb-20,425.55
Copper,27-Feb-20,429.6
Copper,28-Feb-20,423.7
Copper,02-Mar-20,437.5
Copper,03-Mar-20,434.15
Copper,04-Mar-20,439.9
Copper,05-Mar-20,439.45
Copper,06-Mar-20,434.35
Copper,09-Mar-20,419.5
Copper,11-Mar-20,433.8
Copper,12-Mar-20,424.7
Cotton,12-Jul-19,21230
Cotton,15-Jul-19,21170
Cotton,16-Jul-19,21250
Cotton,17-Jul-19,21350
Cotton,18-Jul-19,21320
Cotton,19-Jul-19,21310
Cotton,22-Jul-19,21290
Cotton,23-Jul-19,21190
Cotton,24-Jul-19,21340
Cotton,25-Jul-19,21290
Cotton,26-Jul-19,21300
Cotton,29-Jul-19,21070
Cotton,30-Jul-19,21040
Cotton,31-Jul-19,20980
Cotton,01-Aug-19,20880
Cotton,02-Aug-19,20550
Cotton,05-Aug-19,20060
Cotton,06-Aug-19,19920
Cotton,07-Aug-19,20020
Cotton,08-Aug-19,20090
Cotton,09-Aug-19,20100
Cotton,13-Aug-19,20170
Cotton,14-Aug-19,20240
Cotton,16-Aug-19,20350
Cotton,19-Aug-19,20590
Cotton,20-Aug-19,20650
Cotton,21-Aug-19,20700
Cotton,22-Aug-19,20740
Cotton,23-Aug-19,20640
Cotton,26-Aug-19,20510
Cotton,27-Aug-19,20530
Cotton,28-Aug-19,20470
Cotton,29-Aug-19,20450
Cotton,30-Aug-19,20400
Cotton,03-Sep-19,20130
Cotton,04-Sep-19,20080
Cotton,05-Sep-19,20000
Cotton,06-Sep-19,20010
Cotton,09-Sep-19,19850
Cotton,11-Sep-19,19970
Cotton,12-Sep-19,20030
Cotton,13-Sep-19,20120
Cotton,16-Sep-19,20170
Cotton,17-Sep-19,20240
Cotton,18-Sep-19,20200
Cotton,19-Sep-19,20160
Cotton,20-Sep-19,20040
Cotton,23-Sep-19,20000
Cotton,24-Sep-19,19910
Cotton,25-Sep-19,19790
Cotton,26-Sep-19,19750
Cotton,27-Sep-19,19660
Cotton,30-Sep-19,19910
Cotton,01-Oct-19,19780
Cotton,03-Oct-19,19850
Cotton,04-Oct-19,19780
Cotton,07-Oct-19,19650
Cotton,09-Oct-19,19640
Cotton,10-Oct-19,19430
Cotton,11-Oct-19,19590
Cotton,14-Oct-19,19560
Cotton,15-Oct-19,19380
Cotton,16-Oct-19,19380
Cotton,17-Oct-19,19470
Cotton,18-Oct-19,19290
Cotton,22-Oct-19,18940
Cotton,23-Oct-19,19040
Cotton,24-Oct-19,19020
Cotton,25-Oct-19,18940
Cotton,27-Oct-19,18940
Cotton,29-Oct-19,18940
Cotton,30-Oct-19,18900
Cotton,31-Oct-19,18920
Cotton,01-Nov-19,18850
Cotton,04-Nov-19,19010
Cotton,05-Nov-19,18990
Cotton,06-Nov-19,19010
Cotton,07-Nov-19,18970
Cotton,08-Nov-19,18980
Cotton,11-Nov-19,18790
Cotton,13-Nov-19,18680
Cotton,14-Nov-19,18570
Cotton,15-Nov-19,18610
Cotton,18-Nov-19,18620
Cotton,19-Nov-19,18540
Cotton,20-Nov-19,18590
Cotton,21-Nov-19,18550
Cotton,22-Nov-19,18580
Cotton,25-Nov-19,18640
Cotton,26-Nov-19,18660
Cotton,27-Nov-19,18700
Cotton,28-Nov-19,18680
Cotton,29-Nov-19,18660
Cotton,02-Dec-19,18650
Cotton,03-Dec-19,18650
Cotton,04-Dec-19,18630
Cotton,05-Dec-19,18610
Cotton,06-Dec-19,18600
Cotton,09-Dec-19,18780
Cotton,10-Dec-19,18810
Cotton,11-Dec-19,18660
Cotton,12-Dec-19,18680
Cotton,13-Dec-19,18720
Cotton,16-Dec-19,18710
Cotton,17-Dec-19,18720
Cotton,18-Dec-19,18700
Cotton,19-Dec-19,18750
Cotton,20-Dec-19,18790
Cotton,23-Dec-19,18870
Cotton,24-Dec-19,18760
Cotton,26-Dec-19,18810
Cotton,27-Dec-19,18800
Cotton,30-Dec-19,18900
Cotton,31-Dec-19,18890
Cotton,01-Jan-20,18900
Cotton,02-Jan-20,18940
Cotton,03-Jan-20,19010
Cotton,06-Jan-20,19100
Cotton,07-Jan-20,19180
Cotton,08-Jan-20,19250
Cotton,09-Jan-20,19230
Cotton,10-Jan-20,19400
Cotton,13-Jan-20,19570
Cotton,14-Jan-20,19570
Cotton,15-Jan-20,19570
Cotton,16-Jan-20,19350
Cotton,17-Jan-20,19340
Cotton,20-Jan-20,19450
Cotton,21-Jan-20,19360
Cotton,22-Jan-20,19240
Cotton,23-Jan-20,19280
Cotton,24-Jan-20,19260
Cotton,27-Jan-20,19010
Cotton,28-Jan-20,19020
Cotton,29-Jan-20,19140
Cotton,30-Jan-20,19140
Cotton,31-Jan-20,19090
Cotton,01-Feb-20,19010
Cotton,03-Feb-20,18910
Cotton,04-Feb-20,18940
Cotton,05-Feb-20,18980
Cotton,06-Feb-20,19020
Cotton,07-Feb-20,19030
Cotton,10-Feb-20,18920
Cotton,11-Feb-20,18880
Cotton,12-Feb-20,18860
Cotton,13-Feb-20,18900
Cotton,14-Feb-20,18850
Cotton,17-Feb-20,18850
Cotton,18-Feb-20,18900
Cotton,19-Feb-20,18940
Cotton,20-Feb-20,18960
Cotton,24-Feb-20,18870
Cotton,25-Feb-20,18900
Cotton,26-Feb-20,18810
Cotton,27-Feb-20,18700
Cotton,28-Feb-20,18550
Cotton,02-Mar-20,18520
Cotton,03-Mar-20,18570
Cotton,04-Mar-20,18600
Cotton,05-Mar-20,18610
Cotton,06-Mar-20,18640
Cotton,09-Mar-20,18410
Cotton,11-Mar-20,18480
Cotton,12-Mar-20,18390
Crude Oil,12-Jul-19,4130
Crude Oil,15-Jul-19,4086
Crude Oil,16-Jul-19,3951
Crude Oil,17-Jul-19,3907
Crude Oil,18-Jul-19,3809
Crude Oil,19-Jul-19,3829
Crude Oil,22-Jul-19,3880
Crude Oil,23-Jul-19,3917
Crude Oil,24-Jul-19,3856
Crude Oil,25-Jul-19,3865
Crude Oil,26-Jul-19,3881
Crude Oil,29-Jul-19,3918
Crude Oil,30-Jul-19,3991
Crude Oil,31-Jul-19,4034
Crude Oil,01-Aug-19,3726
Crude Oil,02-Aug-19,3863
Crude Oil,05-Aug-19,3848
Crude Oil,06-Aug-19,3793
Crude Oil,07-Aug-19,3625
Crude Oil,08-Aug-19,3722
Crude Oil,09-Aug-19,3843
Crude Oil,12-Aug-19,3874
Crude Oil,13-Aug-19,4068
Crude Oil,14-Aug-19,3927
Crude Oil,16-Aug-19,3912
Crude Oil,19-Aug-19,4010
Crude Oil,20-Aug-19,4022
Crude Oil,21-Aug-19,3984
Crude Oil,22-Aug-19,3969
Crude Oil,23-Aug-19,3885
Crude Oil,26-Aug-19,3872
Crude Oil,27-Aug-19,3945
Crude Oil,28-Aug-19,4000
Crude Oil,29-Aug-19,4083
Crude Oil,30-Aug-19,3954
Crude Oil,03-Sep-19,3894
Crude Oil,04-Sep-19,4055
Crude Oil,05-Sep-19,4046
Crude Oil,06-Sep-19,4054
Crude Oil,09-Sep-19,4141
Crude Oil,10-Sep-19,4109
Crude Oil,11-Sep-19,3995
Crude Oil,12-Sep-19,3929
Crude Oil,13-Sep-19,3891
Crude Oil,16-Sep-19,4500
Crude Oil,17-Sep-19,4262
Crude Oil,18-Sep-19,4144
Crude Oil,19-Sep-19,4135
Crude Oil,20-Sep-19,4121
Crude Oil,23-Sep-19,4159
Crude Oil,24-Sep-19,4059
Crude Oil,25-Sep-19,4013
Crude Oil,26-Sep-19,4000
Crude Oil,27-Sep-19,3961
Crude Oil,30-Sep-19,3822
Crude Oil,03-Oct-19,3730
Crude Oil,04-Oct-19,3743
Crude Oil,07-Oct-19,3744
Crude Oil,08-Oct-19,3735
Crude Oil,09-Oct-19,3740
Crude Oil,10-Oct-19,3805
Crude Oil,11-Oct-19,3885
Crude Oil,14-Oct-19,3806
Crude Oil,15-Oct-19,3766
Crude Oil,16-Oct-19,3816
Crude Oil,17-Oct-19,3851
Crude Oil,18-Oct-19,3829
Crude Oil,21-Oct-19,3796
Crude Oil,22-Oct-19,3861
Crude Oil,23-Oct-19,3970
Crude Oil,24-Oct-19,3989
Crude Oil,25-Oct-19,4021
Crude Oil,27-Oct-19,4021
Crude Oil,28-Oct-19,3960
Crude Oil,29-Oct-19,3928
Crude Oil,30-Oct-19,3909
Crude Oil,31-Oct-19,3836
Crude Oil,01-Nov-19,3983
Crude Oil,04-Nov-19,3996
Crude Oil,05-Nov-19,4048
Crude Oil,06-Nov-19,3994
Crude Oil,07-Nov-19,4058
Crude Oil,08-Nov-19,4078
Crude Oil,11-Nov-19,4062
Crude Oil,12-Nov-19,4058
Crude Oil,13-Nov-19,4096
Crude Oil,14-Nov-19,4090
Crude Oil,15-Nov-19,4139
Crude Oil,18-Nov-19,4091
Crude Oil,19-Nov-19,3965
Crude Oil,20-Nov-19,4086
Crude Oil,22-Nov-19,4151
Crude Oil,25-Nov-19,4156
Crude Oil,26-Nov-19,4182
Crude Oil,27-Nov-19,4147
Crude Oil,28-Nov-19,4147
Crude Oil,29-Nov-19,3957
Crude Oil,02-Dec-19,4014
Crude Oil,03-Dec-19,4017
Crude Oil,04-Dec-19,4194
Crude Oil,05-Dec-19,4181
Crude Oil,06-Dec-19,4222
Crude Oil,09-Dec-19,4200
Crude Oil,10-Dec-19,4200
Crude Oil,11-Dec-19,4164
Crude Oil,12-Dec-19,4187
Crude Oil,16-Dec-19,4271
Crude Oil,17-Dec-19,4325
Crude Oil,18-Dec-19,4330
Crude Oil,19-Dec-19,4349
Crude Oil,20-Dec-19,4301
Crude Oil,23-Dec-19,4307
Crude Oil,24-Dec-19,4351
Crude Oil,26-Dec-19,4396
Crude Oil,27-Dec-19,4396
Crude Oil,30-Dec-19,4401
Crude Oil,31-Dec-19,4352
Crude Oil,01-Jan-20,4352
Crude Oil,02-Jan-20,4365
Crude Oil,03-Jan-20,4520
Crude Oil,06-Jan-20,4561
Crude Oil,07-Jan-20,4500
Crude Oil,10-Jan-20,4199
Crude Oil,13-Jan-20,4113
Crude Oil,14-Jan-20,4130
Crude Oil,15-Jan-20,4097
Crude Oil,16-Jan-20,4149
Crude Oil,17-Jan-20,4159
Crude Oil,20-Jan-20,4159
Crude Oil,21-Jan-20,4156
Crude Oil,22-Jan-20,4040
Crude Oil,23-Jan-20,3960
Crude Oil,24-Jan-20,3861
Crude Oil,27-Jan-20,3794
Crude Oil,28-Jan-20,3815
Crude Oil,29-Jan-20,3796
Crude Oil,30-Jan-20,3727
Crude Oil,31-Jan-20,3687
Crude Oil,01-Feb-20,3687
Crude Oil,03-Feb-20,3587
Crude Oil,04-Feb-20,3529
Crude Oil,05-Feb-20,3617
Crude Oil,06-Feb-20,3630
Crude Oil,07-Feb-20,3585
Crude Oil,10-Feb-20,3535
Crude Oil,11-Feb-20,3557
Crude Oil,12-Feb-20,3646
Crude Oil,13-Feb-20,3675
Crude Oil,14-Feb-20,3716
Crude Oil,17-Feb-20,3716
Crude Oil,18-Feb-20,3716
Crude Oil,19-Feb-20,3805
Crude Oil,20-Feb-20,3857
Crude Oil,21-Feb-20,3821
Crude Oil,24-Feb-20,3695
Crude Oil,25-Feb-20,3586
Crude Oil,26-Feb-20,3495
Crude Oil,27-Feb-20,3372
Crude Oil,28-Feb-20,3231
Crude Oil,02-Mar-20,3377
Crude Oil,03-Mar-20,3438
Crude Oil,04-Mar-20,3441
Crude Oil,05-Mar-20,3364
Crude Oil,06-Mar-20,3041
Crude Oil,09-Mar-20,3041
Gold,12-Jul-19,34407
Gold,15-Jul-19,34558
Gold,16-Jul-19,34583
Gold,17-Jul-19,34428
Gold,18-Jul-19,34709
Gold,19-Jul-19,35091
Gold,22-Jul-19,34932
Gold,23-Jul-19,34852
Gold,24-Jul-19,34897
Gold,25-Jul-19,34943
Gold,26-Jul-19,34781
Gold,29-Jul-19,34730
Gold,30-Jul-19,34801
Gold,31-Jul-19,34805
Gold,01-Aug-19,34572
Gold,02-Aug-19,35341
Gold,05-Aug-19,36289
Gold,06-Aug-19,36463
Gold,07-Aug-19,37039
Gold,08-Aug-19,37047
Gold,09-Aug-19,37270
Gold,13-Aug-19,37799
Gold,14-Aug-19,37574
Gold,16-Aug-19,37466
Gold,19-Aug-19,37469
Gold,20-Aug-19,37688
Gold,21-Aug-19,37550
Gold,22-Aug-19,37668
Gold,23-Aug-19,37599
Gold,26-Aug-19,38578
Gold,27-Aug-19,38404
Gold,28-Aug-19,38795
Gold,29-Aug-19,38743
Gold,30-Aug-19,38405
Gold,03-Sep-19,39007
Gold,04-Sep-19,39011
Gold,05-Sep-19,39006
Gold,06-Sep-19,38185
Gold,09-Sep-19,38254
Gold,11-Sep-19,37902
Gold,12-Sep-19,37669
Gold,13-Sep-19,37592
Gold,16-Sep-19,37780
Gold,17-Sep-19,37855
Gold,18-Sep-19,37542
Gold,19-Sep-19,37456
Gold,20-Sep-19,37390
Gold,23-Sep-19,37743
Gold,24-Sep-19,37771
Gold,25-Sep-19,38006
Gold,26-Sep-19,37622
Gold,27-Sep-19,37481
Gold,30-Sep-19,37475
Gold,01-Oct-19,37201
Gold,03-Oct-19,37919
Gold,04-Oct-19,38151
Gold,07-Oct-19,38043
Gold,09-Oct-19,38179
Gold,10-Oct-19,38361
Gold,11-Oct-19,38154
Gold,14-Oct-19,38386
Gold,15-Oct-19,38534
Gold,16-Oct-19,38203
Gold,17-Oct-19,38227
Gold,18-Oct-19,38241
Gold,22-Oct-19,38173
Gold,23-Oct-19,38295
Gold,24-Oct-19,38281
Gold,25-Oct-19,38630
Gold,27-Oct-19,38630
Gold,29-Oct-19,38630
Gold,30-Oct-19,38630
Gold,31-Oct-19,38650
Gold,01-Nov-19,38703
Gold,04-Nov-19,38692
Gold,05-Nov-19,38565
Gold,06-Nov-19,38304
Gold,07-Nov-19,38180
Gold,08-Nov-19,37919
Gold,11-Nov-19,37993
Gold,13-Nov-19,38205
Gold,14-Nov-19,38217
Gold,15-Nov-19,38096
Gold,18-Nov-19,37931
Gold,19-Nov-19,38069
Gold,20-Nov-19,38305
Gold,21-Nov-19,38096
Gold,22-Nov-19,38157
Gold,25-Nov-19,37862
Gold,26-Nov-19,37799
Gold,27-Nov-19,37751
Gold,28-Nov-19,37771
Gold,29-Nov-19,37876
Gold,02-Dec-19,37795
Gold,03-Dec-19,38062
Gold,04-Dec-19,38162
Gold,05-Dec-19,38042
Gold,06-Dec-19,38032
Gold,09-Dec-19,37650
Gold,10-Dec-19,37590
Gold,11-Dec-19,37631
Gold,12-Dec-19,37763
Gold,13-Dec-19,37691
Gold,16-Dec-19,37891
Gold,17-Dec-19,37936
Gold,18-Dec-19,37955
Gold,19-Dec-19,37882
Gold,20-Dec-19,37957
Gold,23-Dec-19,38128
Gold,24-Dec-19,38297
Gold,26-Dec-19,38641
Gold,27-Dec-19,38791
Gold,30-Dec-19,38806
Gold,31-Dec-19,39076
Gold,01-Jan-20,38995
Gold,02-Jan-20,39068
Gold,03-Jan-20,39948
Gold,06-Jan-20,40678
Gold,07-Jan-20,40372
Gold,08-Jan-20,40694
Gold,09-Jan-20,39706
Gold,10-Jan-20,39607
Gold,13-Jan-20,39602
Gold,14-Jan-20,39602
Gold,15-Jan-20,39602
Gold,16-Jan-20,39727
Gold,17-Jan-20,39804
Gold,20-Jan-20,39947
Gold,21-Jan-20,39851
Gold,22-Jan-20,39912
Gold,23-Jan-20,39872
Gold,24-Jan-20,40002
Gold,27-Jan-20,40638
Gold,28-Jan-20,40456
Gold,29-Jan-20,40312
Gold,30-Jan-20,40717
Gold,31-Jan-20,40694
Gold,01-Feb-20,40694
Gold,03-Feb-20,40703
Gold,04-Feb-20,40471
Gold,05-Feb-20,40059
Gold,06-Feb-20,40406
Gold,07-Feb-20,40556
Gold,10-Feb-20,40589
Gold,11-Feb-20,40468
Gold,12-Feb-20,40467
Gold,13-Feb-20,40619
Gold,14-Feb-20,40676
Gold,17-Feb-20,40728
Gold,18-Feb-20,40976
Gold,19-Feb-20,41491
Gold,20-Feb-20,41590
Gold,24-Feb-20,43392
Gold,25-Feb-20,42717
Gold,26-Feb-20,42530
Gold,27-Feb-20,42451
Gold,28-Feb-20,42352
Gold,02-Mar-20,42232
Gold,03-Mar-20,42315
Gold,04-Mar-20,43146
Gold,05-Mar-20,43294
Gold,06-Mar-20,44315
Gold,09-Mar-20,43750
Lead,12-Jul-19,155.45
Lead,15-Jul-19,155.85
Lead,16-Jul-19,154.65
Lead,17-Jul-19,154.1
Lead,18-Jul-19,155.4
Lead,19-Jul-19,156.1
Lead,22-Jul-19,153.25
Lead,23-Jul-19,154
Lead,24-Jul-19,155.4
Lead,25-Jul-19,156.5
Lead,26-Jul-19,157.4
Lead,29-Jul-19,154.1
Lead,30-Jul-19,154.35
Lead,31-Jul-19,153.35
Lead,01-Aug-19,152.4
Lead,02-Aug-19,152.3
Lead,05-Aug-19,153
Lead,06-Aug-19,152.8
Lead,07-Aug-19,154
Lead,08-Aug-19,154.85
Lead,09-Aug-19,155.5
Lead,13-Aug-19,154.35
Lead,14-Aug-19,154.15
Lead,16-Aug-19,154.25
Lead,19-Aug-19,154.85
Lead,20-Aug-19,155.15
Lead,21-Aug-19,156.4
Lead,22-Aug-19,156.5
Lead,23-Aug-19,157.25
Lead,26-Aug-19,156.2
Lead,27-Aug-19,158.3
Lead,28-Aug-19,158.6
Lead,29-Aug-19,159
Lead,30-Aug-19,158.85
Lead,03-Sep-19,155.75
Lead,04-Sep-19,157.35
Lead,05-Sep-19,158.5
Lead,06-Sep-19,156.65
Lead,09-Sep-19,157.1
Lead,11-Sep-19,157.95
Lead,12-Sep-19,156.5
Lead,13-Sep-19,159
Lead,16-Sep-19,160
Lead,17-Sep-19,159.5
Lead,18-Sep-19,157.85
Lead,19-Sep-19,159.8
Lead,20-Sep-19,159.5
Lead,23-Sep-19,157.95
Lead,24-Sep-19,158
Lead,25-Sep-19,158
Lead,26-Sep-19,159
Lead,27-Sep-19,159
Lead,30-Sep-19,157.8
Lead,01-Oct-19,156.5
Lead,03-Oct-19,160
Lead,04-Oct-19,162.15
Lead,07-Oct-19,161.5
Lead,09-Oct-19,157.5
Lead,10-Oct-19,157
Lead,11-Oct-19,159.4
Lead,14-Oct-19,159
Lead,15-Oct-19,159.65
Lead,16-Oct-19,160.5
Lead,17-Oct-19,160.5
Lead,18-Oct-19,161.5
Lead,22-Oct-19,164
Lead,23-Oct-19,162.75
Lead,24-Oct-19,164
Lead,25-Oct-19,160.9
Lead,27-Oct-19,160.9
Lead,29-Oct-19,160.9
Lead,30-Oct-19,163.7
Lead,31-Oct-19,162.3
Lead,01-Nov-19,161.7
Lead,04-Nov-19,163
Lead,05-Nov-19,163.75
Lead,06-Nov-19,161.6
Lead,07-Nov-19,163.5
Lead,08-Nov-19,162
Lead,11-Nov-19,159.5
Lead,13-Nov-19,160.2
Lead,14-Nov-19,159.9
Lead,15-Nov-19,156.9
Lead,18-Nov-19,156.3
Lead,19-Nov-19,154.35
Lead,20-Nov-19,160
Lead,21-Nov-19,159.75
Lead,22-Nov-19,159.6
Lead,25-Nov-19,156
Lead,26-Nov-19,155.4
Lead,27-Nov-19,155.55
Lead,28-Nov-19,155.2
Lead,29-Nov-19,155.25
Lead,02-Dec-19,155.25
Lead,03-Dec-19,155
Lead,04-Dec-19,156.7
Lead,05-Dec-19,158.4
Lead,06-Dec-19,156
Lead,09-Dec-19,159
Lead,10-Dec-19,155.2
Lead,11-Dec-19,155.2
Lead,12-Dec-19,154.25
Lead,13-Dec-19,155.35
Lead,16-Dec-19,153.3
Lead,17-Dec-19,153
Lead,18-Dec-19,154.8
Lead,19-Dec-19,154.85
Lead,20-Dec-19,152.9
Lead,23-Dec-19,152.75
Lead,24-Dec-19,155.5
Lead,26-Dec-19,156.2
Lead,27-Dec-19,154.5
Lead,30-Dec-19,154.15
Lead,31-Dec-19,155.4
Lead,01-Jan-20,155.4
Lead,02-Jan-20,155.5
Lead,03-Jan-20,155.5
Lead,06-Jan-20,154
Lead,07-Jan-20,155.45
Lead,08-Jan-20,154.25
Lead,09-Jan-20,154.9
Lead,10-Jan-20,155.3
Lead,13-Jan-20,154.45
Lead,14-Jan-20,155.15
Lead,15-Jan-20,155
Lead,16-Jan-20,157
Lead,17-Jan-20,155.5
Lead,20-Jan-20,154.7
Lead,21-Jan-20,153.3
Lead,22-Jan-20,154.8
Lead,23-Jan-20,155.2
Lead,24-Jan-20,154.9
Lead,27-Jan-20,157.65
Lead,28-Jan-20,152.3
Lead,29-Jan-20,156.7
Lead,30-Jan-20,152.75
Lead,31-Jan-20,153.15
Lead,01-Feb-20,153.15
Lead,03-Feb-20,155.1
Lead,04-Feb-20,154
Lead,05-Feb-20,150.6
Lead,06-Feb-20,153.5
Lead,07-Feb-20,151.1
Lead,10-Feb-20,152.4
Lead,11-Feb-20,151.4
Lead,12-Feb-20,150.05
Lead,13-Feb-20,152
Lead,14-Feb-20,150.1
Lead,17-Feb-20,150.05
Lead,18-Feb-20,151.4
Lead,19-Feb-20,153.65
Lead,20-Feb-20,151.5
Lead,24-Feb-20,154.7
Lead,25-Feb-20,150.9
Lead,26-Feb-20,151.65
Lead,27-Feb-20,149.6
Lead,28-Feb-20,148.4
Lead,02-Mar-20,150.5
Lead,03-Mar-20,150.6
Lead,04-Mar-20,152.3
Lead,05-Mar-20,155.5
Lead,06-Mar-20,152.25
Lead,09-Mar-20,148.6
Lead,11-Mar-20,151.3
Lead,12-Mar-20,149.7
Natural Gas,12-Jul-19,168.2
Natural Gas,15-Jul-19,165.1
Natural Gas,16-Jul-19,158.1
Natural Gas,17-Jul-19,158.5
Natural Gas,18-Jul-19,157.5
Natural Gas,19-Jul-19,154.9
Natural Gas,22-Jul-19,159.6
Natural Gas,23-Jul-19,158.7
Natural Gas,24-Jul-19,153.2
Natural Gas,25-Jul-19,154.8
Natural Gas,26-Jul-19,149.8
Natural Gas,29-Jul-19,145.8
Natural Gas,30-Jul-19,146.9
Natural Gas,31-Jul-19,153.8
Natural Gas,01-Aug-19,152.1
Natural Gas,02-Aug-19,147.2
Natural Gas,05-Aug-19,145.6
Natural Gas,06-Aug-19,149.3
Natural Gas,07-Aug-19,147.8
Natural Gas,08-Aug-19,150.8
Natural Gas,09-Aug-19,149.4
Natural Gas,12-Aug-19,148.4
Natural Gas,13-Aug-19,152.9
Natural Gas,14-Aug-19,152.4
Natural Gas,16-Aug-19,156.8
Natural Gas,19-Aug-19,157.7
Natural Gas,20-Aug-19,158.9
Natural Gas,21-Aug-19,155.3
Natural Gas,22-Aug-19,154.8
Natural Gas,23-Aug-19,154.4
Natural Gas,26-Aug-19,160.6
Natural Gas,27-Aug-19,158.1
Natural Gas,28-Aug-19,159.3
Natural Gas,29-Aug-19,165.3
Natural Gas,30-Aug-19,164
Natural Gas,03-Sep-19,170.2
Natural Gas,04-Sep-19,176.2
Natural Gas,05-Sep-19,175
Natural Gas,06-Sep-19,179
Natural Gas,09-Sep-19,185.1
Natural Gas,10-Sep-19,184.7
Natural Gas,11-Sep-19,182.9
Natural Gas,12-Sep-19,183.6
Natural Gas,13-Sep-19,185.4
Natural Gas,16-Sep-19,191.8
Natural Gas,17-Sep-19,191.6
Natural Gas,18-Sep-19,188.1
Natural Gas,19-Sep-19,180.5
Natural Gas,20-Sep-19,179.8
Natural Gas,23-Sep-19,179.2
Natural Gas,24-Sep-19,177.3
Natural Gas,25-Sep-19,177.7
Natural Gas,26-Sep-19,173.2
Natural Gas,27-Sep-19,170.3
Natural Gas,30-Sep-19,164.7
Natural Gas,03-Oct-19,165.6
Natural Gas,04-Oct-19,166.7
Natural Gas,07-Oct-19,163.5
Natural Gas,08-Oct-19,162.4
Natural Gas,09-Oct-19,158.9
Natural Gas,10-Oct-19,157.6
Natural Gas,11-Oct-19,157.3
Natural Gas,14-Oct-19,161.9
Natural Gas,15-Oct-19,166.8
Natural Gas,16-Oct-19,164.7
Natural Gas,17-Oct-19,165.5
Natural Gas,18-Oct-19,165.2
Natural Gas,21-Oct-19,159.3
Natural Gas,22-Oct-19,161
Natural Gas,23-Oct-19,161.9
Natural Gas,24-Oct-19,164.3
Natural Gas,25-Oct-19,163.2
Natural Gas,27-Oct-19,163.2
Natural Gas,28-Oct-19,181.3
Natural Gas,29-Oct-19,186.7
Natural Gas,30-Oct-19,191
Natural Gas,31-Oct-19,186.4
Natural Gas,01-Nov-19,192.4
Natural Gas,04-Nov-19,199.4
Natural Gas,05-Nov-19,202.4
Natural Gas,06-Nov-19,200.5
Natural Gas,07-Nov-19,196.8
Natural Gas,08-Nov-19,198.7
Natural Gas,11-Nov-19,188.4
Natural Gas,12-Nov-19,187.3
Natural Gas,13-Nov-19,186.4
Natural Gas,14-Nov-19,190.7
Natural Gas,15-Nov-19,192.8
Natural Gas,18-Nov-19,184
Natural Gas,19-Nov-19,180.3
Natural Gas,20-Nov-19,183.4
Natural Gas,22-Nov-19,191.5
Natural Gas,25-Nov-19,181.3
Natural Gas,26-Nov-19,181.3
Natural Gas,27-Nov-19,178.5
Natural Gas,28-Nov-19,178.5
Natural Gas,29-Nov-19,163.6
Natural Gas,02-Dec-19,167
Natural Gas,03-Dec-19,174.8
Natural Gas,04-Dec-19,172.2
Natural Gas,05-Dec-19,173.6
Natural Gas,06-Dec-19,166.5
Natural Gas,09-Dec-19,158.8
Natural Gas,10-Dec-19,160.5
Natural Gas,11-Dec-19,159
Natural Gas,12-Dec-19,164.7
Natural Gas,16-Dec-19,166.1
Natural Gas,17-Dec-19,164.6
Natural Gas,18-Dec-19,162.4
Natural Gas,19-Dec-19,161.6
Natural Gas,20-Dec-19,165.7
Natural Gas,23-Dec-19,157.6
Natural Gas,24-Dec-19,154.6
Natural Gas,26-Dec-19,163.5
Natural Gas,27-Dec-19,158.9
Natural Gas,30-Dec-19,156
Natural Gas,31-Dec-19,156
Natural Gas,01-Jan-20,156
Natural Gas,02-Jan-20,151.4
Natural Gas,03-Jan-20,152.7
Natural Gas,06-Jan-20,153.9
Natural Gas,07-Jan-20,155.2
Natural Gas,10-Jan-20,156.6
Natural Gas,13-Jan-20,154.5
Natural Gas,14-Jan-20,155.1
Natural Gas,15-Jan-20,150.3
Natural Gas,16-Jan-20,147.3
Natural Gas,17-Jan-20,142.3
Natural Gas,20-Jan-20,142.3
Natural Gas,21-Jan-20,134.9
Natural Gas,22-Jan-20,135.6
Natural Gas,23-Jan-20,137.2
Natural Gas,24-Jan-20,134.9
Natural Gas,27-Jan-20,135.8
Natural Gas,28-Jan-20,137.9
Natural Gas,29-Jan-20,132.8
Natural Gas,30-Jan-20,130.7
Natural Gas,31-Jan-20,131.6
Natural Gas,01-Feb-20,131.6
Natural Gas,03-Feb-20,130.2
Natural Gas,04-Feb-20,133.2
Natural Gas,05-Feb-20,132.6
Natural Gas,06-Feb-20,132.7
Natural Gas,07-Feb-20,132.4
Natural Gas,10-Feb-20,125.9
Natural Gas,11-Feb-20,127.4
Natural Gas,12-Feb-20,131.4
Natural Gas,13-Feb-20,130.5
Natural Gas,14-Feb-20,131.1
Natural Gas,17-Feb-20,131.1
Natural Gas,18-Feb-20,141.4
Natural Gas,19-Feb-20,139.6
Natural Gas,20-Feb-20,137.5
Natural Gas,21-Feb-20,136.4
Natural Gas,24-Feb-20,131.3
Natural Gas,25-Feb-20,132.7
Natural Gas,26-Feb-20,131.8
Natural Gas,27-Feb-20,125.5
Natural Gas,28-Feb-20,121.6
Natural Gas,02-Mar-20,126.9
Natural Gas,03-Mar-20,131.2
Natural Gas,04-Mar-20,134.4
Natural Gas,05-Mar-20,129.9
Natural Gas,06-Mar-20,125.8
Natural Gas,09-Mar-20,125.8
Nickel,12-Jul-19,916.7
Nickel,15-Jul-19,940
Nickel,16-Jul-19,975.8
Nickel,17-Jul-19,983.3
Nickel,18-Jul-19,1016.8
Nickel,19-Jul-19,1022.3
Nickel,22-Jul-19,998.8
Nickel,23-Jul-19,996.3
Nickel,24-Jul-19,993.8
Nickel,25-Jul-19,995
Nickel,26-Jul-19,1001.5
Nickel,29-Jul-19,982.5
Nickel,30-Jul-19,1001.3
Nickel,31-Jul-19,1004.3
Nickel,01-Aug-19,1004.5
Nickel,02-Aug-19,1007.4
Nickel,05-Aug-19,1068.8
Nickel,06-Aug-19,1064.2
Nickel,07-Aug-19,1056.1
Nickel,08-Aug-19,1121.3
Nickel,09-Aug-19,1112.5
Nickel,13-Aug-19,1120
Nickel,14-Aug-19,1138.8
Nickel,16-Aug-19,1136.7
Nickel,19-Aug-19,1157.2
Nickel,20-Aug-19,1148.6
Nickel,21-Aug-19,1149.2
Nickel,22-Aug-19,1151.1
Nickel,23-Aug-19,1148.8
Nickel,26-Aug-19,1154.4
Nickel,27-Aug-19,1159.5
Nickel,28-Aug-19,1172.9
Nickel,29-Aug-19,1179.8
Nickel,30-Aug-19,1224.2
Nickel,03-Sep-19,1330.6
Nickel,04-Sep-19,1331.6
Nickel,05-Sep-19,1299.4
Nickel,06-Sep-19,1292.7
Nickel,09-Sep-19,1289.9
Nickel,11-Sep-19,1317
Nickel,12-Sep-19,1321.7
Nickel,13-Sep-19,1298.3
Nickel,16-Sep-19,1283
Nickel,17-Sep-19,1270.6
Nickel,18-Sep-19,1271.3
Nickel,19-Sep-19,1264.3
Nickel,20-Sep-19,1293.9
Nickel,23-Sep-19,1297.4
Nickel,24-Sep-19,1266.9
Nickel,25-Sep-19,1268.6
Nickel,26-Sep-19,1263.7
Nickel,27-Sep-19,1272
Nickel,30-Sep-19,1271.6
Nickel,01-Oct-19,1258.2
Nickel,03-Oct-19,1297.9
Nickel,04-Oct-19,1308.8
Nickel,07-Oct-19,1298.2
Nickel,09-Oct-19,1294.8
Nickel,10-Oct-19,1289.4
Nickel,11-Oct-19,1292.5
Nickel,14-Oct-19,1278.8
Nickel,15-Oct-19,1265.6
Nickel,16-Oct-19,1261
Nickel,17-Oct-19,1208.3
Nickel,18-Oct-19,1214.3
Nickel,22-Oct-19,1190
Nickel,23-Oct-19,1215
Nickel,24-Oct-19,1227.6
Nickel,25-Oct-19,1241
Nickel,27-Oct-19,1241
Nickel,29-Oct-19,1241
Nickel,30-Oct-19,1241.3
Nickel,31-Oct-19,1230
Nickel,01-Nov-19,1228.3
Nickel,04-Nov-19,1218.7
Nickel,05-Nov-19,1202.5
Nickel,06-Nov-19,1204.6
Nickel,07-Nov-19,1208.2
Nickel,08-Nov-19,1201.7
Nickel,11-Nov-19,1194
Nickel,13-Nov-19,1170
Nickel,14-Nov-19,1166.3
Nickel,15-Nov-19,1141.9
Nickel,18-Nov-19,1123.8
Nickel,19-Nov-19,1110
Nickel,20-Nov-19,1098
Nickel,21-Nov-19,1089.8
Nickel,22-Nov-19,1096.5
Nickel,25-Nov-19,1098
Nickel,26-Nov-19,1086.3
Nickel,27-Nov-19,1075
Nickel,28-Nov-19,1082.5
Nickel,29-Nov-19,1051.9
Nickel,02-Dec-19,1037.1
Nickel,03-Dec-19,1030.4
Nickel,04-Dec-19,1010.1
Nickel,05-Dec-19,994
Nickel,06-Dec-19,1002.4
Nickel,09-Dec-19,998.8
Nickel,10-Dec-19,979.7
Nickel,11-Dec-19,1002.8
Nickel,12-Dec-19,1025
Nickel,13-Dec-19,1030.3
Nickel,16-Dec-19,1030.8
Nickel,17-Dec-19,1045.6
Nickel,18-Dec-19,1033.2
Nickel,19-Dec-19,1039
Nickel,20-Dec-19,1045.3
Nickel,23-Dec-19,1056.7
Nickel,24-Dec-19,1049.4
Nickel,26-Dec-19,1060.7
Nickel,27-Dec-19,1047.5
Nickel,30-Dec-19,1059.3
Nickel,31-Dec-19,1055.5
Nickel,01-Jan-20,1055.5
Nickel,02-Jan-20,1051.7
Nickel,03-Jan-20,1037.5
Nickel,06-Jan-20,1030.7
Nickel,07-Jan-20,1041.7
Nickel,08-Jan-20,1037.5
Nickel,09-Jan-20,1053.2
Nickel,10-Jan-20,1040.2
Nickel,13-Jan-20,1054.6
Nickel,14-Jan-20,1026.1
Nickel,15-Jan-20,1027.5
Nickel,16-Jan-20,1055.8
Nickel,17-Jan-20,1040.9
Nickel,20-Jan-20,1034.8
Nickel,21-Jan-20,1036
Nickel,22-Jan-20,1038.2
Nickel,23-Jan-20,1016
Nickel,24-Jan-20,1005
Nickel,27-Jan-20,958.7
Nickel,28-Jan-20,959.1
Nickel,29-Jan-20,957.2
Nickel,30-Jan-20,952.5
Nickel,31-Jan-20,955.9
Nickel,01-Feb-20,955.9
Nickel,03-Feb-20,963
Nickel,04-Feb-20,968
Nickel,05-Feb-20,973.2
Nickel,06-Feb-20,973.1
Nickel,07-Feb-20,968.8
Nickel,10-Feb-20,970.7
Nickel,11-Feb-20,982.1
Nickel,12-Feb-20,973.3
Nickel,13-Feb-20,966.4
Nickel,14-Feb-20,967.1
Nickel,17-Feb-20,970.2
Nickel,18-Feb-20,965.7
Nickel,19-Feb-20,961.4
Nickel,20-Feb-20,961.5
Nickel,24-Feb-20,947.5
Nickel,25-Feb-20,942.4
Nickel,26-Feb-20,931.1
Nickel,27-Feb-20,931.4
Nickel,28-Feb-20,913.2
Nickel,02-Mar-20,935.7
Nickel,03-Mar-20,950
Nickel,04-Mar-20,961.3
Nickel,05-Mar-20,961.4
Nickel,06-Mar-20,968.3
Nickel,09-Mar-20,943.2
Nickel,11-Mar-20,965.2
Nickel,12-Mar-20,935.9
Silver,12-Jul-19,37733
Silver,15-Jul-19,38107
Silver,16-Jul-19,38376
Silver,17-Jul-19,38944
Silver,18-Jul-19,40076
Silver,19-Jul-19,40624
Silver,22-Jul-19,40773
Silver,23-Jul-19,40772
Silver,24-Jul-19,41074
Silver,25-Jul-19,41075
Silver,26-Jul-19,40811
Silver,29-Jul-19,40682
Silver,30-Jul-19,40851
Silver,31-Jul-19,40900
Silver,01-Aug-19,40105
Silver,02-Aug-19,40746
Silver,05-Aug-19,42040
Silver,06-Aug-19,41830
Silver,07-Aug-19,42735
Silver,08-Aug-19,42879
Silver,09-Aug-19,43009
Silver,13-Aug-19,44111
Silver,14-Aug-19,43568
Silver,16-Aug-19,43624
Silver,19-Aug-19,43242
Silver,20-Aug-19,43552
Silver,21-Aug-19,43672
Silver,22-Aug-19,43629
Silver,23-Aug-19,43708
Silver,26-Aug-19,45057
Silver,27-Aug-19,45245
Silver,28-Aug-19,46572
Silver,29-Aug-19,47086
Silver,30-Aug-19,46688
Silver,03-Sep-19,47977
Silver,04-Sep-19,49846
Silver,05-Sep-19,49593
Silver,06-Sep-19,46935
Silver,09-Sep-19,46905
Silver,11-Sep-19,46814
Silver,12-Sep-19,46601
Silver,13-Sep-19,46250
Silver,16-Sep-19,45859
Silver,17-Sep-19,46114
Silver,18-Sep-19,45709
Silver,19-Sep-19,45455
Silver,20-Sep-19,45686
Silver,23-Sep-19,46800
Silver,24-Sep-19,47352
Silver,25-Sep-19,47375
Silver,26-Sep-19,45869
Silver,27-Sep-19,44604
Silver,30-Sep-19,44190
Silver,01-Oct-19,44139
Silver,03-Oct-19,45135
Silver,04-Oct-19,45086
Silver,07-Oct-19,44815
Silver,09-Oct-19,45682
Silver,10-Oct-19,45727
Silver,11-Oct-19,45257
Silver,14-Oct-19,45424
Silver,15-Oct-19,45798
Silver,16-Oct-19,44804
Silver,17-Oct-19,45144
Silver,18-Oct-19,45203
Silver,22-Oct-19,45534
Silver,23-Oct-19,45464
Silver,24-Oct-19,45444
Silver,25-Oct-19,46820
Silver,27-Oct-19,46820
Silver,29-Oct-19,46820
Silver,30-Oct-19,46820
Silver,31-Oct-19,46749
Silver,01-Nov-19,46736
Silver,04-Nov-19,46758
Silver,05-Nov-19,46503
Silver,06-Nov-19,45540
Silver,07-Nov-19,45358
Silver,08-Nov-19,44240
Silver,11-Nov-19,44178
Silver,13-Nov-19,44601
Silver,14-Nov-19,44830
Silver,15-Nov-19,44323
Silver,18-Nov-19,44071
Silver,19-Nov-19,44728
Silver,20-Nov-19,44937
Silver,21-Nov-19,44682
Silver,22-Nov-19,44942
Silver,25-Nov-19,44194
Silver,26-Nov-19,44181
Silver,27-Nov-19,44319
Silver,28-Nov-19,44253
Silver,29-Nov-19,44303
Silver,02-Dec-19,44132
Silver,03-Dec-19,44437
Silver,04-Dec-19,44671
Silver,05-Dec-19,43892
Silver,06-Dec-19,44062
Silver,09-Dec-19,43202
Silver,10-Dec-19,43201
Silver,11-Dec-19,43214
Silver,12-Dec-19,43640
Silver,13-Dec-19,43884
Silver,16-Dec-19,44128
Silver,17-Dec-19,44199
Silver,18-Dec-19,44183
Silver,19-Dec-19,43978
Silver,20-Dec-19,44222
Silver,23-Dec-19,45018
Silver,24-Dec-19,45582
Silver,26-Dec-19,46458
Silver,27-Dec-19,46192
Silver,30-Dec-19,46049
Silver,31-Dec-19,46595
Silver,01-Jan-20,46055
Silver,02-Jan-20,46257
Silver,03-Jan-20,47307
Silver,06-Jan-20,47941
Silver,07-Jan-20,47099
Silver,08-Jan-20,47752
Silver,09-Jan-20,46324
Silver,10-Jan-20,46155
Silver,13-Jan-20,46189
Silver,14-Jan-20,46189
Silver,15-Jan-20,46189
Silver,16-Jan-20,46281
Silver,17-Jan-20,46527
Silver,20-Jan-20,46617
Silver,21-Jan-20,46425
Silver,22-Jan-20,46070
Silver,23-Jan-20,45807
Silver,24-Jan-20,46116
Silver,27-Jan-20,47320
Silver,28-Jan-20,46573
Silver,29-Jan-20,45478
Silver,30-Jan-20,46116
Silver,31-Jan-20,46383
Silver,01-Feb-20,46383
Silver,03-Feb-20,46233
Silver,04-Feb-20,45996
Silver,05-Feb-20,45510
Silver,06-Feb-20,46143
Silver,07-Feb-20,46205
Silver,10-Feb-20,46205
Silver,11-Feb-20,45961
Silver,12-Feb-20,45644
Silver,13-Feb-20,45842
Silver,14-Feb-20,45928
Silver,17-Feb-20,46128
Silver,18-Feb-20,46433
Silver,19-Feb-20,47650
Silver,20-Feb-20,47551
Silver,24-Feb-20,48919
Silver,25-Feb-20,48062
Silver,26-Feb-20,47143
Silver,27-Feb-20,46974
Silver,28-Feb-20,45509
Silver,02-Mar-20,45015
Silver,03-Mar-20,45190
Silver,04-Mar-20,46103
Silver,05-Mar-20,46114
Silver,06-Mar-20,47071
Silver,09-Mar-20,45854
Zinc,12-Jul-19,191.4
Zinc,15-Jul-19,193.5
Zinc,16-Jul-19,194
Zinc,17-Jul-19,194.35
Zinc,18-Jul-19,196.85
Zinc,19-Jul-19,194.25
Zinc,22-Jul-19,190.7
Zinc,23-Jul-19,191
Zinc,24-Jul-19,192.65
Zinc,25-Jul-19,193.15
Zinc,26-Jul-19,192.25
Zinc,29-Jul-19,191.5
Zinc,30-Jul-19,193.75
Zinc,31-Jul-19,192
Zinc,01-Aug-19,191.3
Zinc,02-Aug-19,189.35
Zinc,05-Aug-19,188.55
Zinc,06-Aug-19,188.65
Zinc,07-Aug-19,187
Zinc,08-Aug-19,185.95
Zinc,09-Aug-19,185.8
Zinc,13-Aug-19,186.9
Zinc,14-Aug-19,186.8
Zinc,16-Aug-19,184.95
Zinc,19-Aug-19,184.15
Zinc,20-Aug-19,184.4
Zinc,21-Aug-19,184.6
Zinc,22-Aug-19,184.4
Zinc,23-Aug-19,185.3
Zinc,26-Aug-19,183.8
Zinc,27-Aug-19,184.55
Zinc,28-Aug-19,184.5
Zinc,29-Aug-19,185.5
Zinc,30-Aug-19,184.5
Zinc,03-Sep-19,183.65
Zinc,04-Sep-19,184.2
Zinc,05-Sep-19,190.3
Zinc,06-Sep-19,188.7
Zinc,09-Sep-19,187.2
Zinc,11-Sep-19,190.2
Zinc,12-Sep-19,190.55
Zinc,13-Sep-19,187.7
Zinc,16-Sep-19,190.65
Zinc,17-Sep-19,188
Zinc,18-Sep-19,188.25
Zinc,19-Sep-19,186.2
Zinc,20-Sep-19,186.6
Zinc,23-Sep-19,185.4
Zinc,24-Sep-19,185.4
Zinc,25-Sep-19,183
Zinc,26-Sep-19,185
Zinc,27-Sep-19,186.7
Zinc,30-Sep-19,184.8
Zinc,01-Oct-19,189.5
Zinc,03-Oct-19,185.45
Zinc,04-Oct-19,184.9
Zinc,07-Oct-19,184.9
Zinc,09-Oct-19,185.15
Zinc,10-Oct-19,185.1
Zinc,11-Oct-19,187.25
Zinc,14-Oct-19,191.6
Zinc,15-Oct-19,189.65
Zinc,16-Oct-19,188
Zinc,17-Oct-19,189.6
Zinc,18-Oct-19,188.8
Zinc,22-Oct-19,189.85
Zinc,23-Oct-19,188.6
Zinc,24-Oct-19,192.5
Zinc,25-Oct-19,191.85
Zinc,27-Oct-19,191.85
Zinc,29-Oct-19,191.85
Zinc,30-Oct-19,198.75
Zinc,31-Oct-19,196.9
Zinc,01-Nov-19,194.4
Zinc,04-Nov-19,199.45
Zinc,05-Nov-19,196.55
Zinc,06-Nov-19,198.5
Zinc,07-Nov-19,196.3
Zinc,08-Nov-19,198.25
Zinc,11-Nov-19,199.2
Zinc,13-Nov-19,199
Zinc,14-Nov-19,197
Zinc,15-Nov-19,197.4
Zinc,18-Nov-19,194.65
Zinc,19-Nov-19,192.5
Zinc,20-Nov-19,191.95
Zinc,21-Nov-19,190.75
Zinc,22-Nov-19,189.6
Zinc,25-Nov-19,190
Zinc,26-Nov-19,189
Zinc,27-Nov-19,189.2
Zinc,28-Nov-19,189.15
Zinc,29-Nov-19,188.95
Zinc,02-Dec-19,187.25
Zinc,03-Dec-19,185
Zinc,04-Dec-19,184.2
Zinc,05-Dec-19,184.6
Zinc,06-Dec-19,184.15
Zinc,09-Dec-19,184.1
Zinc,10-Dec-19,182.35
Zinc,11-Dec-19,182.65
Zinc,12-Dec-19,182.2
Zinc,13-Dec-19,183
Zinc,16-Dec-19,182.45
Zinc,17-Dec-19,184.25
Zinc,18-Dec-19,184.35
Zinc,19-Dec-19,184.6
Zinc,20-Dec-19,185.15
Zinc,23-Dec-19,184
Zinc,24-Dec-19,182
Zinc,26-Dec-19,182.45
Zinc,27-Dec-19,183.15
Zinc,30-Dec-19,183.5
Zinc,31-Dec-19,183.45
Zinc,01-Jan-20,183.45
Zinc,02-Jan-20,184
Zinc,03-Jan-20,183.5
Zinc,06-Jan-20,184.6
Zinc,07-Jan-20,185.1
Zinc,08-Jan-20,185.95
Zinc,09-Jan-20,185.65
Zinc,10-Jan-20,184.7
Zinc,13-Jan-20,184.9
Zinc,14-Jan-20,184.15
Zinc,15-Jan-20,185.65
Zinc,16-Jan-20,186.5
Zinc,17-Jan-20,184.8
Zinc,20-Jan-20,187.25
Zinc,21-Jan-20,186.9
Zinc,22-Jan-20,189.4
Zinc,23-Jan-20,186.2
Zinc,24-Jan-20,184.75
Zinc,27-Jan-20,182.25
Zinc,28-Jan-20,179
Zinc,29-Jan-20,181.05
Zinc,30-Jan-20,179.15
Zinc,31-Jan-20,177.9
Zinc,01-Feb-20,177.9
Zinc,03-Feb-20,178.15
Zinc,04-Feb-20,177.35
Zinc,05-Feb-20,176.25
Zinc,06-Feb-20,175.3
Zinc,07-Feb-20,175.4
Zinc,10-Feb-20,172.3
Zinc,11-Feb-20,170.6
Zinc,12-Feb-20,171.6
Zinc,13-Feb-20,171.9
Zinc,14-Feb-20,172.1
Zinc,17-Feb-20,173
Zinc,18-Feb-20,171
Zinc,19-Feb-20,171.25
Zinc,20-Feb-20,169.55
Zinc,24-Feb-20,165.4
Zinc,25-Feb-20,160.3
Zinc,26-Feb-20,159.85
Zinc,27-Feb-20,159.55
Zinc,28-Feb-20,156.75
Zinc,02-Mar-20,162.35
Zinc,03-Mar-20,160.9
Zinc,04-Mar-20,158.45
Zinc,05-Mar-20,161.5
Zinc,06-Mar-20,160.45
Zinc,09-Mar-20,158.6
Zinc,11-Mar-20,161.3
Zinc,12-Mar-20,161.85
